nombre,instagram,website,maps_url
Mar y Fuego- Medellín,https://www.instagram.com/maryfuego.col/,https://www.instagram.com/maryfuego.col/,https://www.google.com/maps/place/Mar+y+Fuego-+Medell%C3%ADn/data=!4m7!3m6!1s0x8e469f6600accb59:0xcc5e31168ccf45d!8m2!3d6.2107082!4d-75.566011!16s%2Fg%2F11g4g4q2g9!19sChIJWcusAGafRo4RXfTMaBHjxQw?authuser=0&hl=en&rclk=1
Casa El Ramal,https://www.instagram.com/casaelramal/,https://www.instagram.com/casaelramal/,https://www.google.com/maps/place/Casa+El+Ramal/data=!4m7!3m6!1s0x8e44292db02cb013:0xd1ffa575e16511c5!8m2!3d6.211906!4d-75.572041!16s%2Fg%2F11t6gc750l!19sChIJE7AssC0pRI4RxRFl4XWl_9E?authuser=0&hl=en&rclk=1
Restaurante Brutal,https://www.instagram.com/restaurantebrutal?igsh=MTh3bDdqbmtjenAxYQ==,https://www.instagram.com/restaurantebrutal?igsh=MTh3bDdqbmtjenAxYQ==,https://www.google.com/maps/place/Restaurante+Brutal/data=!4m7!3m6!1s0x8e468287a32fa8e5:0x80b4b758d4ccc55e!8m2!3d6.1989793!4d-75.5726005!16s%2Fg%2F11f_c3sp6z!19sChIJ5agvo4eCRo4RXsXM1Fi3tIA?authuser=0&hl=en&rclk=1
Toro Restaurante,https://www.instagram.com/toro_restaurante?igsh=d2Z2c3Z5ZzhuZHJs,https://www.instagram.com/toro_restaurante?igsh=d2Z2c3Z5ZzhuZHJs,https://www.google.com/maps/place/Toro+Restaurante/data=!4m7!3m6!1s0x8e442997987916f3:0x3442ab5c3f4e5d78!8m2!3d6.2377986!4d-75.5997288!16s%2Fg%2F11d_tm16km!19sChIJ8xZ5mJcpRI4ReF1OP1yrQjQ?authuser=0&hl=en&rclk=1
Mercado del Río,https://www.instagram.com/mercadodelriomedellin/?hl=es,https://www.instagram.com/mercadodelriomedellin/?hl=es,https://www.google.com/maps/place/Mercado+del+R%C3%ADo/data=!4m7!3m6!1s0x8e4429cac347588f:0xc5161940357a8cc0!8m2!3d6.2259781!4d-75.5754299!16s%2Fg%2F11clv7wh19!19sChIJj1hHw8opRI4RwIx6NUAZFsU?authuser=0&hl=en&rclk=1
Del Patio Bar,https://instagram.com/delpatiobar?igshid=7l7dfzkdkgh7,https://instagram.com/delpatiobar?igshid=7l7dfzkdkgh7,https://www.google.com/maps/place/Del+Patio+Bar/data=!4m7!3m6!1s0x8e4429a6ed2daff1:0xb41c5cb6d9a771!8m2!3d6.245037!4d-75.5896293!16s%2Fg%2F11c2pntk0m!19sChIJ8a8t7aYpRI4RcafZtlwctAA?authuser=0&hl=en&rclk=1
RESTAURANTE EL FOGON COSTEÑO,https://instagram.com/elfogoncosteno?igshid=d3a2xzn09atf,https://instagram.com/elfogoncosteno?igshid=d3a2xzn09atf,https://www.google.com/maps/place/RESTAURANTE+EL+FOGON+COSTE%C3%91O/data=!4m7!3m6!1s0x8e44290a1850d897:0x39e689ff4c0a355c!8m2!3d6.2476811!4d-75.5908252!16s%2Fg%2F1ptz4cyn0!19sChIJl9hQGAopRI4RXDUKTP-J5jk?authuser=0&hl=en&rclk=1
Café Cliché,http://instagram.com/cafeclichemedellin,http://instagram.com/cafeclichemedellin,https://www.google.com/maps/place/Caf%C3%A9+Clich%C3%A9/data=!4m7!3m6!1s0x8e4429a06efbd52b:0x25bd540f840df714!8m2!3d6.247598!4d-75.5969702!16s%2Fg%2F11c1q46_dm!19sChIJK9X7bqApRI4RFPcNhA9UvSU?authuser=0&hl=en&rclk=1
Coffee Parche,https://www.instagram.com/coffeeparche?igsh=MXhnenlrN2ViYWZtaQ==,https://www.instagram.com/coffeeparche?igsh=MXhnenlrN2ViYWZtaQ==,https://www.google.com/maps/place/Coffee+Parche/data=!4m7!3m6!1s0x8e442904ccbc39cf:0x28ccbcf7a73ef5b9!8m2!3d6.2695852!4d-75.5949401!16s%2Fg%2F11vhs1xj0x!19sChIJzzm8zAQpRI4RufU-p_e8zCg?authuser=0&hl=en&rclk=1
Café Zeppelin,https://www.instagram.com/zeppelinmedellin,https://www.instagram.com/zeppelinmedellin,https://www.google.com/maps/place/Caf%C3%A9+Zeppelin/data=!4m7!3m6!1s0x8e44299f7d809b6d:0x86ccf77109148212!8m2!3d6.2462703!4d-75.5975922!16s%2Fg%2F11ckqt10f3!19sChIJbZuAfZ8pRI4REoIUCXH3zIY?authuser=0&hl=en&rclk=1
Café Orígenes Antioquia,https://www.instagram.com/cafeorigenesantioquia/,https://www.instagram.com/cafeorigenesantioquia/,https://www.google.com/maps/place/Caf%C3%A9+Or%C3%ADgenes+Antioquia/data=!4m7!3m6!1s0x8e442949aedfe957:0xc969dc64d3f1a9d7!8m2!3d6.2440483!4d-75.5757612!16s%2Fg%2F11v0ykkjpd!19sChIJV-nfrkkpRI4R16nx02Tcack?authuser=0&hl=en&rclk=1
Dulce Suiza,https://www.instagram.com/dulcesuizamedellin/,https://www.instagram.com/dulcesuizamedellin/,https://www.google.com/maps/place/Dulce+Suiza/data=!4m7!3m6!1s0x8e4429af226ebf71:0xc97cc4144df24f5e!8m2!3d6.2429101!4d-75.5790519!16s%2Fg%2F11clhrl64p!19sChIJcb9uIq8pRI4RXk_yTRTEfMk?authuser=0&hl=en&rclk=1
Vibras Café,https://www.instagram.com/vibras_cafe?igsh=NnQ1d2lucTczNnZv,https://www.instagram.com/vibras_cafe?igsh=NnQ1d2lucTczNnZv,https://www.google.com/maps/place/Vibras+Caf%C3%A9/data=!4m7!3m6!1s0x8e4429d2a79f487d:0xcfa2ba78307ea2c!8m2!3d6.2352623!4d-75.6024491!16s%2Fg%2F11h5vk2ckt!19sChIJfUifp9IpRI4RLOoHg6cr-gw?authuser=0&hl=en&rclk=1
Café Primavera,https://www.instagram.com/cafeprimaveramed/,https://www.instagram.com/cafeprimaveramed/,https://www.google.com/maps/place/Caf%C3%A9+Primavera/data=!4m7!3m6!1s0x8e4429d40caa405d:0x500ae1a37180b728!8m2!3d6.2408718!4d-75.5920674!16s%2Fg%2F11k530441c!19sChIJXUCqDNQpRI4RKLeAcaPhClA?authuser=0&hl=en&rclk=1
Candelaria.cafe.bar,http://instagram.com/candelaria.cafe.bar,http://instagram.com/candelaria.cafe.bar,https://www.google.com/maps/place/Candelaria.cafe.bar/data=!4m7!3m6!1s0x8e4429d173b2559f:0x2799fb11d00c32b1!8m2!3d6.249232!4d-75.5624366!16s%2Fg%2F11qz9lmh0z!19sChIJn1Wyc9EpRI4RsTIM0BH7mSc?authuser=0&hl=en&rclk=1
Café Terrario,https://www.instagram.com/cafeterrario/,https://www.instagram.com/cafeterrario/,https://www.google.com/maps/place/Caf%C3%A9+Terrario/data=!4m7!3m6!1s0x8e4429cd3c388161:0x4c6f45bc17fedbf0!8m2!3d6.2416811!4d-75.5928821!16s%2Fg%2F11h91jbhhg!19sChIJYYE4PM0pRI4R8Nv-F7xFb0w?authuser=0&hl=en&rclk=1
La Civeta & el Elefante - Café,https://www.instagram.com/lacivetayelelefante/,https://www.instagram.com/lacivetayelelefante/,https://www.google.com/maps/place/La+Civeta+%26+el+Elefante+-+Caf%C3%A9/data=!4m7!3m6!1s0x8e442996ec3566ad:0xab4a0d380bf4d1f8!8m2!3d6.2353151!4d-75.6012536!16s%2Fg%2F11f_b_d9dq!19sChIJrWY17JYpRI4R-NH0CzgNSqs?authuser=0&hl=en&rclk=1
Indeleble Café Cultural,https://instagram.com/indeleblecafecultural?igshid=YmMyMTA2M2Y=,https://instagram.com/indeleblecafecultural?igshid=YmMyMTA2M2Y=,https://www.google.com/maps/place/Indeleble+Caf%C3%A9+Cultural/data=!4m7!3m6!1s0x8e44298e6737558d:0x9d894c58e4f31e7d!8m2!3d6.2458091!4d-75.5630056!16s%2Fg%2F11t9qk4tdw!19sChIJjVU3Z44pRI4RfR7z5FhMiZ0?authuser=0&hl=en&rclk=1
Panorama Rooftop bar,https://www.instagram.com/panoramarooftopbar/,https://www.instagram.com/panoramarooftopbar/,https://www.google.com/maps/place/Panorama+Rooftop+bar/data=!4m7!3m6!1s0x8e4429a135bcea9d:0xeee629ca78a022a5!8m2!3d6.2453214!4d-75.5919423!16s%2Fg%2F11fy7h6d8c!19sChIJneq8NaEpRI4RpSKgeMop5u4?authuser=0&hl=en&rclk=1
Passion Café Unicentro,https://www.instagram.com/passioncafee/,https://www.instagram.com/passioncafee/,https://www.google.com/maps/place/Passion+Caf%C3%A9+Unicentro/data=!4m7!3m6!1s0x8e4429a50a09dd95:0x2ac5fcfaf9f32d9b!8m2!3d6.2407937!4d-75.5863975!16s%2Fg%2F1ptx0lfmq!19sChIJld0JCqUpRI4Rmy3z-fr8xSo?authuser=0&hl=en&rclk=1
La Fábrica.café | Tostamos y servimos café local en el centro de Medellín |,https://www.instagram.com/lafabrica.cafe/?hl=es,https://www.instagram.com/lafabrica.cafe/?hl=es,https://www.google.com/maps/place/La+F%C3%A1brica.caf%C3%A9+%7C+Tostamos+y+servimos+caf%C3%A9+local+en+el+centro+de+Medell%C3%ADn+%7C/data=!4m7!3m6!1s0x8e4429ec8fd8d0f7:0x63c4a03ca0c1befa!8m2!3d6.2361141!4d-75.5731415!16s%2Fg%2F11h650m22p!19sChIJ99DYj-wpRI4R-r7BoDygxGM?authuser=0&hl=en&rclk=1
Cafe Uincluye,https://www.instagram.com/cafeuincluye/,https://www.instagram.com/cafeuincluye/,https://www.google.com/maps/place/Cafe+Uincluye/data=!4m7!3m6!1s0x8e44290055c4aa17:0xe98f530e26cf3482!8m2!3d6.2511411!4d-75.5673321!16s%2Fg%2F11lymcr78l!19sChIJF6rEVQApRI4RgjTPJg5Tj-k?authuser=0&hl=en&rclk=1
BARCELONA: bar & smart restaurant,https://instagram.com/barcelonasmartmed?utm_medium=copy_link,https://instagram.com/barcelonasmartmed?utm_medium=copy_link,https://www.google.com/maps/place/BARCELONA:+bar+%26+smart+restaurant/data=!4m7!3m6!1s0x8e4429a51ac5f24f:0xfe92d5e2b3082ad2!8m2!3d6.2481726!4d-75.5883669!16s%2Fg%2F11rrp9z8g_!19sChIJT_LFGqUpRI4R0ioIs-LVkv4?authuser=0&hl=en&rclk=1
Versalles | Restaurant & Pastry shop,https://instagram.com/salonversalles,https://instagram.com/salonversalles,https://www.google.com/maps/place/Versalles+%7C+Restaurant+%26+Pastry+shop/data=!4m7!3m6!1s0x8e4428f90a80e043:0xcc14651a9c56ba7c!8m2!3d6.2519694!4d-75.5653528!16s%2Fg%2F1vysxkz_!19sChIJQ-CACvkoRI4RfLpWnBplFMw?authuser=0&hl=en&rclk=1
88 CAFÉ & DELI,https://www.instagram.com/88cafedeli?igsh=dTVhNW56OXFsMm84,https://www.instagram.com/88cafedeli?igsh=dTVhNW56OXFsMm84,https://www.google.com/maps/place/88+CAF%C3%89+%26+DELI/data=!4m7!3m6!1s0x8e4429f884800811:0x561192bb7acc8c7a!8m2!3d6.257047!4d-75.5824884!16s%2Fg%2F11j8_p76xm!19sChIJEQiAhPgpRI4ReozMeruSEVY?authuser=0&hl=en&rclk=1
La Ribera,https://instagram.com/lariberamed?igshid=YmMyMTA2M2Y=,https://instagram.com/lariberamed?igshid=YmMyMTA2M2Y=,https://www.google.com/maps/place/La+Ribera/data=!4m7!3m6!1s0x8e44295294c364e7:0x1bea420870aa167a!8m2!3d6.2427425!4d-75.578083!16s%2Fg%2F11t9wxrfr6!19sChIJ52TDlFIpRI4RehaqcAhC6hs?authuser=0&hl=en&rclk=1
Parrilla Dejame Q' Te Cuente Medellín,https://instagram.com/dejameqtecuente?igshid=1thcdw2srwurc,https://instagram.com/dejameqtecuente?igshid=1thcdw2srwurc,https://www.google.com/maps/place/Parrilla+Dejame+Q%27+Te+Cuente+Medell%C3%ADn/data=!4m7!3m6!1s0x8e4429a6f399eae3:0x6fad1c7a688bc3c4!8m2!3d6.2452845!4d-75.5891825!16s%2Fg%2F1ptx9d3dt!19sChIJ4-qZ86YpRI4RxMOLaHocrW8?authuser=0&hl=en&rclk=1
Punta Arena,https://www.instagram.com/puntarena.deli/?hl=es-la,https://www.instagram.com/puntarena.deli/?hl=es-la,https://www.google.com/maps/place/Punta+Arena/data=!4m7!3m6!1s0x8e4429a5f36c2467:0xc180d9c2ace37cab!8m2!3d6.2425783!4d-75.5863027!16s%2Fg%2F11by_hkbxx!19sChIJZyRs86UpRI4Rq3zjrMLZgME?authuser=0&hl=en&rclk=1
La Tienda de la 70,https://www.instagram.com/latiendadela70/?hl=es,https://www.instagram.com/latiendadela70/?hl=es,https://www.google.com/maps/place/La+Tienda+de+la+70/data=!4m7!3m6!1s0x8e4429a6f9527cd3:0x33e6000dda4d3c1a!8m2!3d6.2461986!4d-75.5890052!16s%2Fg%2F1pzsq2946!19sChIJ03xS-aYpRI4RGjxN2g0A5jM?authuser=0&hl=en&rclk=1
Solárium Rooftop,https://www.instagram.com/sawerfilms/,https://sites.google.com/view/solariumrooftop/inicio,https://www.google.com/maps/place/Sol%C3%A1rium+Rooftop/data=!4m7!3m6!1s0x8e442920a34427e7:0xa924476e8b5b418f!8m2!3d6.2472693!4d-75.5602014!16s%2Fg%2F11p5cj__bw!19sChIJ5ydEoyApRI4Rj0Fbi25HJKk?authuser=0&hl=en&rclk=1
Las Veganas Restaurant,https://instagram.com/lasveganasmedellin,https://instagram.com/lasveganasmedellin,https://www.google.com/maps/place/Las+Veganas+Restaurant/data=!4m7!3m6!1s0x8e4429fe33feceed:0xebae9f74f320e76e!8m2!3d6.2422408!4d-75.5860778!16s%2Fg%2F11q3f3j7_9!19sChIJ7c7-M_4pRI4Rbucg83Sfrus?authuser=0&hl=en&rclk=1
Vintrash,https://www.instagram.com/vintrashbar/,https://www.instagram.com/vintrashbar/,https://www.google.com/maps/place/Vintrash/data=!4m7!3m6!1s0x8e442829ce6e32a3:0xd37b0f520477d864!8m2!3d6.2079191!4d-75.5660177!16s%2Fg%2F11dxbdkp81!19sChIJozJuzikoRI4RZNh3BFIPe9M?authuser=0&hl=en&rclk=1
Trópico Rooftop,https://instagram.com/tropico_rooftop,https://instagram.com/tropico_rooftop,https://www.google.com/maps/place/Tr%C3%B3pico+Rooftop/data=!4m7!3m6!1s0x8e44297ab6e2bc31:0x2f9e9c72002f8567!8m2!3d6.2451167!4d-75.5653076!16s%2Fg%2F11t7w65hdb!19sChIJMbzitnopRI4RZ4UvAHKcni8?authuser=0&hl=en&rclk=1
COMIDAS RAPIDAS LEO de la 35,https://instagram.com/leodela35?utm_medium=copy_link,https://instagram.com/leodela35?utm_medium=copy_link,https://www.google.com/maps/place/COMIDAS+RAPIDAS+LEO+de+la+35/data=!4m7!3m6!1s0x8e442999405a23ab:0x523230091dea4537!8m2!3d6.2431856!4d-75.6020156!16s%2Fg%2F11gdkqggp8!19sChIJqyNaQJkpRI4RN0XqHQkwMlI?authuser=0&hl=en&rclk=1
Jimmy's Comida Rápida al Carbón,https://instagram.com/jimmyscomidasrapidas?igshid=MzRlODBiNWFlZA==,https://instagram.com/jimmyscomidasrapidas?igshid=MzRlODBiNWFlZA==,https://www.google.com/maps/place/Jimmy%27s+Comida+R%C3%A1pida+al+Carb%C3%B3n/data=!4m7!3m6!1s0x8e4428299df6a82f:0xc8787ebdc81576d0!8m2!3d6.2354641!4d-75.5934524!16s%2Fg%2F11clv895nt!19sChIJL6j2nSkoRI4R0HYVyL1-eMg?authuser=0&hl=en&rclk=1
Mucura express,https://www.instagram.com/mucurarestaurante?igsh=eDhqdzY1Nmh5cm16,https://www.instagram.com/mucurarestaurante?igsh=eDhqdzY1Nmh5cm16,https://www.google.com/maps/place/Mucura+express/data=!4m7!3m6!1s0x8e442918700774e1:0xb66c0ea18d0728d5!8m2!3d6.2458807!4d-75.589242!16s%2Fg%2F11m75v4tt4!19sChIJ4XQHcBgpRI4R1SgHjaEObLY?authuser=0&hl=en&rclk=1
Fit and Fat Burguers,https://www.instagram.com/fitandfatmedellin/,https://www.instagram.com/fitandfatmedellin/,https://www.google.com/maps/place/Fit+and+Fat+Burguers/data=!4m7!3m6!1s0x8e44292f055199d7:0x52a14619866489c9!8m2!3d6.2480004!4d-75.5902257!16s%2Fg%2F11r0q29fc_!19sChIJ15lRBS8pRI4RyYlkhhlGoVI?authuser=0&hl=en&rclk=1
Parrilla73,https://www.instagram.com/parrilla73/,https://www.instagram.com/parrilla73/,https://www.google.com/maps/place/Parrilla73/data=!4m7!3m6!1s0x8e44290a21865b5b:0xed03b53639418ce8!8m2!3d6.2513271!4d-75.5919025!16s%2Fg%2F11f_zl3xmr!19sChIJW1uGIQopRI4R6IxBOTa1A-0?authuser=0&hl=en&rclk=1
Los Fabio's Sede Estadio,https://www.instagram.com/losfabiospyh/,https://www.instagram.com/losfabiospyh/,https://www.google.com/maps/place/Los+Fabio%27s+Sede+Estadio/data=!4m7!3m6!1s0x8e4429381d5f0fbd:0x7388a906e4600910!8m2!3d6.2526876!4d-75.5881313!16s%2Fg%2F11ghq3_5yl!19sChIJvQ9fHTgpRI4REAlg5AapiHM?authuser=0&hl=en&rclk=1
Pizzeria Centro,https://instagram.com/pizzeriacentro?igshid=16s29d3koces3,https://instagram.com/pizzeriacentro?igshid=16s29d3koces3,https://www.google.com/maps/place/Pizzeria+Centro/data=!4m7!3m6!1s0x8e4428f6fbbe56ed:0x84f7fc5e21b3c696!8m2!3d6.2512587!4d-75.5594234!16s%2Fg%2F11cjj6hwcj!19sChIJ7Va--_YoRI4RlsazIV7894Q?authuser=0&hl=en&rclk=1
Compostella Restaurante Pizzeria Gourmet,https://instagram.com/compostella__pizzeria?igshid=6exooon0ydq4,https://instagram.com/compostella__pizzeria?igshid=6exooon0ydq4,https://www.google.com/maps/place/Compostella+Restaurante+Pizzeria+Gourmet/data=!4m7!3m6!1s0x8e4429afb4684e63:0xc32c6dd131552a68!8m2!3d6.2401171!4d-75.5832702!16s%2Fg%2F1ptwmlh6v!19sChIJY05otK8pRI4RaCpVMdFtLMM?authuser=0&hl=en&rclk=1
Vesuvio Pizzería en Laureles,https://www.instagram.com/pizzeriavesuviomde/?hl=es,https://www.instagram.com/pizzeriavesuviomde/?hl=es,https://www.google.com/maps/place/Vesuvio+Pizzer%C3%ADa+en+Laureles/data=!4m7!3m6!1s0x8e442912266ebacf:0xfc11e071071df46c!8m2!3d6.244521!4d-75.5995396!16s%2Fg%2F11w4jy06yk!19sChIJz7puJhIpRI4RbPQdB3HgEfw?authuser=0&hl=en&rclk=1
Simons Pizza & Beer - Laureles,https://www.instagram.com/simonspizzandbeer_oficial/,https://www.instagram.com/simonspizzandbeer_oficial/,https://www.google.com/maps/place/Simons+Pizza+%26+Beer+-+Laureles/data=!4m7!3m6!1s0x8e4429a04ef24f37:0x618e8e2492852566!8m2!3d6.2470655!4d-75.595343!16s%2Fg%2F11c59qt_lb!19sChIJN0_yTqApRI4RZiWFkiSOjmE?authuser=0&hl=en&rclk=1
Olivia Pizzeria - Laureles,https://www.instagram.com/olivia_restaurante/,https://www.instagram.com/olivia_restaurante/,https://www.google.com/maps/place/Olivia+Pizzeria+-+Laureles/data=!4m7!3m6!1s0x8e4429a1c20ff871:0x65a041302e8c80e4!8m2!3d6.2453642!4d-75.5961882!16s%2Fg%2F11bwpt8lpk!19sChIJcfgPwqEpRI4R5ICMLjBBoGU?authuser=0&hl=en&rclk=1
Vesuvio Pizzeria,https://www.instagram.com/pizzeriavesuviomde/,https://www.instagram.com/pizzeriavesuviomde/,https://www.google.com/maps/place/Vesuvio+Pizzeria/data=!4m7!3m6!1s0x8e4429057806985f:0x1aa40a485792a5cd!8m2!3d6.2080535!4d-75.5762481!16s%2Fg%2F11smqxxvf3!19sChIJX5gGeAUpRI4RzaWSV0gKpBo?authuser=0&hl=en&rclk=1
Trapani Pizza Estofada Laureles,https://www.instagram.com/trapanipizzaestofada/,https://www.instagram.com/trapanipizzaestofada/,https://www.google.com/maps/place/Trapani+Pizza+Estofada+Laureles/data=!4m7!3m6!1s0x8e442929bd408b41:0xd7bbc55cbe2d8271!8m2!3d6.2464046!4d-75.5946054!16s%2Fg%2F11kd8w2w8k!19sChIJQYtAvSkpRI4RcYItvlzFu9c?authuser=0&hl=en&rclk=1
Nolo's Pizza,https://www.instagram.com/nolospizza,https://www.instagram.com/nolospizza,https://www.google.com/maps/place/Nolo%27s+Pizza/data=!4m7!3m6!1s0x8e4429fae670f5a9:0x409a4e14a35248bc!8m2!3d6.2542497!4d-75.6037594!16s%2Fg%2F11pklrqf9w!19sChIJqfVw5vopRI4RvEhSoxROmkA?authuser=0&hl=en&rclk=1
Pizzas Roquefort - Almería,https://instagram.com/roquefort_pizzas?igshid=YmMyMTA2M2Y=,https://instagram.com/roquefort_pizzas?igshid=YmMyMTA2M2Y=,https://www.google.com/maps/place/Pizzas+Roquefort+-+Almer%C3%ADa/data=!4m7!3m6!1s0x8e4429f9d649e92f:0xcae703ebb726a383!8m2!3d6.2440887!4d-75.6114211!16s%2Fg%2F11gjv0f11w!19sChIJL-lJ1vkpRI4Rg6Mmt-sD58o?authuser=0&hl=en&rclk=1
Pacho. Pizzas y Pastas (Belén Malibú),https://www.instagram.com/pachopizzasypastas,https://www.instagram.com/pachopizzasypastas,https://www.google.com/maps/place/Pacho.+Pizzas+y+Pastas+%28Bel%C3%A9n+Malib%C3%BA%29/data=!4m7!3m6!1s0x8e44290053acbc85:0xbfc29c2e0f0ea2f4!8m2!3d6.2337015!4d-75.5861393!16s%2Fg%2F11y54nvbff!19sChIJhbysUwApRI4R9KIODy6cwr8?authuser=0&hl=en&rclk=1
Montés Porchetteria Palmagrande Mall,https://www.instagram.com/montes_porchetteria/,https://www.instagram.com/montes_porchetteria/,https://www.google.com/maps/place/Mont%C3%A9s+Porchetteria+Palmagrande+Mall/data=!4m7!3m6!1s0x8e442902d1a7d297:0xd0485ccdd9801908!8m2!3d6.2195618!4d-75.5665475!16s%2Fg%2F11kjm1vc65!19sChIJl9Kn0QIpRI4RCBmA2c1cSNA?authuser=0&hl=en&rclk=1
Aross Pizza a la Leña,https://www.instagram.com/aross.pizzaalalena/,https://www.instagram.com/aross.pizzaalalena/,https://www.google.com/maps/place/Aross+Pizza+a+la+Le%C3%B1a/data=!4m7!3m6!1s0x8e4429a01ace1da5:0xbeec49f7b73345f8!8m2!3d6.2484525!4d-75.5969215!16s%2Fg%2F11byck7c_4!19sChIJpR3OGqApRI4R-EUzt_dJ7L4?authuser=0&hl=en&rclk=1
Peroni Pizzería,http://www.instagram.com/peronipizzeria,http://www.instagram.com/peronipizzeria,https://www.google.com/maps/place/Peroni+Pizzer%C3%ADa/data=!4m7!3m6!1s0x8e442858aa6eefc1:0x23f78d624e03cca1!8m2!3d6.2480098!4d-75.556992!16s%2Fg%2F11crst8nh4!19sChIJwe9uqlgoRI4RocwDTmKN9yM?authuser=0&hl=en&rclk=1
Pizzeria Olivia Manila,https://www.instagram.com/olivia_restaurante/,https://www.instagram.com/olivia_restaurante/,https://www.google.com/maps/place/Pizzeria+Olivia+Manila/data=!4m7!3m6!1s0x8e44282cbfe4f08f:0x23f9c36fb8f7a288!8m2!3d6.2137196!4d-75.5728704!16s%2Fg%2F11bxfhw_ky!19sChIJj_DkvywoRI4RiKL3uG_D-SM?authuser=0&hl=en&rclk=1
Italian American Grill,https://www.instagram.com/italianamericangrill/,https://www.instagram.com/italianamericangrill/,https://www.google.com/maps/place/Italian+American+Grill/data=!4m7!3m6!1s0x8e4429ff085b4dc3:0xf2d148afb7df341f!8m2!3d6.2534922!4d-75.5834839!16s%2Fg%2F11qgdgmvzv!19sChIJw01bCP8pRI4RHzTft69I0fI?authuser=0&hl=en&rclk=1
ÁTTIMO GELATO,https://www.instagram.com/attimogelato?igsh=MTNtMWZwc3U1ZHJ6MA==,https://www.instagram.com/attimogelato?igsh=MTNtMWZwc3U1ZHJ6MA==,https://www.google.com/maps/place/%C3%81TTIMO+GELATO/data=!4m7!3m6!1s0x8e4429f99c3cd50f:0xe8d0e890a494877d!8m2!3d6.24426!4d-75.5956538!16s%2Fg%2F11flfj0z6h!19sChIJD9U8nPkpRI4RfYeUpJDo0Og?authuser=0&hl=en&rclk=1
Pistacchio Gelato y Café,https://www.instagram.com/pistacchio.mde/,https://www.instagram.com/pistacchio.mde/,https://www.google.com/maps/place/Pistacchio+Gelato+y+Caf%C3%A9/data=!4m7!3m6!1s0x8e4429f91675b28b:0xe7924321c22bdc02!8m2!3d6.2561687!4d-75.6018038!16s%2Fg%2F11tbtw98qm!19sChIJi7J1FvkpRI4RAtwrwiFDkuc?authuser=0&hl=en&rclk=1
Neon Cream,https://www.instagram.com/neon_creams,https://www.instagram.com/neon_creams,https://www.google.com/maps/place/Neon+Cream/data=!4m7!3m6!1s0x8e44294998752fed:0x956a69c977d8dd04!8m2!3d6.2635842!4d-75.56789!16s%2Fg%2F11xdl338z3!19sChIJ7S91mEkpRI4RBN3Yd8lpapU?authuser=0&hl=en&rclk=1
Pink & Black Gelato,https://www.instagram.com/pinkblackgelato/,https://www.instagram.com/pinkblackgelato/,https://www.google.com/maps/place/Pink+%26+Black+Gelato/data=!4m7!3m6!1s0x8e4429000c5f1a25:0xdb0eb83e4532c686!8m2!3d6.2467692!4d-75.5947814!16s%2Fg%2F11ww51t2hx!19sChIJJRpfDAApRI4RhsYyRT64Dts?authuser=0&hl=en&rclk=1
Helados del Jardín Med,https://instagram.com/heladosdeljardinmed,https://instagram.com/heladosdeljardinmed,https://www.google.com/maps/place/Helados+del+Jard%C3%ADn+Med/data=!4m7!3m6!1s0x8e442929a8f4c7c7:0xf765bf4c90c1a8ee!8m2!3d6.2326664!4d-75.5921965!16s%2Fg%2F11pxlf70wg!19sChIJx8f0qCkpRI4R7qjBkEy_Zfc?authuser=0&hl=en&rclk=1
Heladería los espejos,https://www.instagram.com/heladerialos_espejos?igsh=MTE4cG9jdWhhaWx2ZQ%3D%3D&utm_source=qr,https://www.instagram.com/heladerialos_espejos?igsh=MTE4cG9jdWhhaWx2ZQ%3D%3D&utm_source=qr,https://www.google.com/maps/place/Helader%C3%ADa+los+espejos/data=!4m7!3m6!1s0x8e44298fee5d1c7d:0xec6027a3eedb5705!8m2!3d6.2375804!4d-75.5614517!16s%2Fg%2F11wvkhywbh!19sChIJfRxd7o8pRI4RBVfb7qMnYOw?authuser=0&hl=en&rclk=1
Depapayita,https://instagram.com/depapayita?igshid=YmMyMTA2M2Y=,https://instagram.com/depapayita?igshid=YmMyMTA2M2Y=,https://www.google.com/maps/place/Depapayita/data=!4m7!3m6!1s0x8e4428f9a224e155:0xc4d323ef3602c62b!8m2!3d6.2521473!4d-75.5651868!16s%2Fg%2F1ptykts0d!19sChIJVeEkovkoRI4RK8YCNu8j08Q?authuser=0&hl=en&rclk=1
Dulce Juanita,https://www.instagram.com/dulcejuanitamedellin/,https://www.instagram.com/dulcejuanitamedellin/,https://www.google.com/maps/place/Dulce+Juanita/data=!4m7!3m6!1s0x8e44291839da8cf7:0x27260945e9bf1c6c!8m2!3d6.2535392!4d-75.5835837!16s%2Fg%2F11v556d87s!19sChIJ94zaORgpRI4RbBy_6UUJJic?authuser=0&hl=en&rclk=1
Panaderia Y Pasteleria La Gran Cosecha,https://instagram.com/panaderialagrancosecha?igshid=YmMyMTA2M2Y=,https://instagram.com/panaderialagrancosecha?igshid=YmMyMTA2M2Y=,https://www.google.com/maps/place/Panaderia+Y+Pasteleria+La+Gran+Cosecha/data=!4m7!3m6!1s0x8e44293ed69354b7:0x3791fbdf7b7faac5!8m2!3d6.2556869!4d-75.5813543!16s%2Fg%2F11sjlzlzjf!19sChIJt1ST1j4pRI4Rxap_e9_7kTc?authuser=0&hl=en&rclk=1
Reposteria Paulina,https://www.instagram.com/reposteriapaulinamedellin/,https://www.instagram.com/reposteriapaulinamedellin/,https://www.google.com/maps/place/Reposteria+Paulina/data=!4m7!3m6!1s0x8e4429adb8db82d1:0x4200335e32c90f8b!8m2!3d6.2327084!4d-75.5916873!16s%2Fg%2F11s7vrprvb!19sChIJ0YLbuK0pRI4Riw_JMl4zAEI?authuser=0&hl=en&rclk=1
Panadería La Exposición del Pastel,https://www.instagram.com/expopastel/,https://www.instagram.com/expopastel/,https://www.google.com/maps/place/Panader%C3%ADa+La+Exposici%C3%B3n+del+Pastel/data=!4m7!3m6!1s0x8e442852a4a3d863:0x3adeb65018858a6e!8m2!3d6.2388455!4d-75.5731852!16s%2Fg%2F1ptx08cjx!19sChIJY9ijpFIoRI4RboqFGFC23jo?authuser=0&hl=en&rclk=1
Soluciones Reposteras,https://instagram.com/solucionesreposterasmed?utm_medium=copy_link,https://instagram.com/solucionesreposterasmed?utm_medium=copy_link,https://www.google.com/maps/place/Soluciones+Reposteras/data=!4m7!3m6!1s0x8e44290501ac6a6f:0xb7ee065baf4c57cf!8m2!3d6.2568021!4d-75.5831876!16s%2Fg%2F1ptwm442z!19sChIJb2qsAQUpRI4Rz1dMr1sG7rc?authuser=0&hl=en&rclk=1
Hojaldreria Bakery. MIGAOS,https://www.instagram.com/hojaldreriabakery/,https://www.instagram.com/hojaldreriabakery/,https://www.google.com/maps/place/Hojaldreria+Bakery.+MIGAOS/data=!4m7!3m6!1s0x8e44299bb42c9a4b:0x98fd3992feb1abe2!8m2!3d6.2456474!4d-75.5968846!16s%2Fg%2F11s9f0wn4p!19sChIJS5ostJspRI4R4qux_pI5_Zg?authuser=0&hl=en&rclk=1
SANTO MILAGRO REPOSTERIA,http://www.instagram.com/santomilagroreposteria,http://www.instagram.com/santomilagroreposteria,https://www.google.com/maps/place/SANTO+MILAGRO+REPOSTERIA/data=!4m7!3m6!1s0x8e44299a46e1b067:0x767406cf72fdf389!8m2!3d6.2362986!4d-75.5872316!16s%2Fg%2F11fp3vl5sz!19sChIJZ7DhRpopRI4RifP9cs8GdHY?authuser=0&hl=en&rclk=1
Milkytru Repostería,http://www.instagram.com/milkytrureposteria,http://www.instagram.com/milkytrureposteria,https://www.google.com/maps/place/Milkytru+Reposter%C3%ADa/data=!4m7!3m6!1s0x8e4429e2e8d0fcdb:0xbf9a6a32096b4268!8m2!3d6.2395948!4d-75.5905289!16s%2Fg%2F11ls8_15y1!19sChIJ2_zQ6OIpRI4RaEJrCTJqmr8?authuser=0&hl=en&rclk=1
